T,a,da/dT,,,,
46,0,,,,,
48.5,0.001199046,0.000479618,,,,
51,0.002410378,0.000484533,,,,
53.5,0.003633857,0.000489392,,,,
56.5,0.005117253,0.000494465,,,,
59.25,0.006490288,0.000499285,,,,
63.5,0.008633001,0.000504168,,,,
66.25,0.010029644,0.00050787,,,,
68.75,0.011303824,0.000509672,,,,
71.25,0.012580249,0.00051057,,,,
74,0.013984489,0.000510633,,,,
75.5,0.014749592,0.000510069,,,,
76.75,0.015386342,0.0005094,,,,
77.75,0.015895052,0.00050871,,,,
78.75,0.016403067,0.000508014,,,,
79.25,0.016656798,0.000507462,,,,
79.5,0.016783593,0.000507181,,,,
79.75,0.016910341,0.000506994,,,,
80.5,0.017290316,0.000506633,,,,
82.25,0.018175534,0.000505839,,,,
84.75,0.019438002,0.000504987,,,,
86.25,0.020195656,0.000505103,,,,
87.75,0.020955172,0.000506344,,,,
89.5,0.021846878,0.000509546,,,,
91.5,0.022881144,0.000517133,,,,
92.75,0.023541909,0.000528611,,,,
94,0.024219521,0.00054209,,,,
95,0.024777445,0.000557924,,,,
96.25,0.025498457,0.00057681,,,,
97,0.025949054,0.000600795,,,,
97.5,0.026268384,0.00063866,,,,
98,0.026570498,0.000604229,,,,
98.5,0.026876368,0.000611741,,,,
98.75,0.027030639,0.000617081,,,,
99,0.027191012,0.000641492,,,,
99.5,0.027511323,0.000640622,,,,
100.25,0.027980108,0.000625047,,,,
101.25,0.028616931,0.000636824,,,,
102.25,0.029257276,0.000640345,,,,
104.25,0.030553031,0.000647877,,,,
105.5,0.031367951,0.000651936,,,,
107,0.032341783,0.000649221,,,,
108.75,0.033496198,0.000659666,,,,
111.25,0.035135263,0.000655626,,,,
112.75,0.036111187,0.000650616,,,,
114.5,0.03721873,0.000632882,,,,
116,0.038151076,0.000621564,,,,
118.5,0.039641172,0.000596038,,,,
119.75,0.040371136,0.000583971,,,,
121.25,0.041198675,0.000551693,,,,
122.5,0.041939021,0.000592277,,,,
124.25,0.042937136,0.000570351,,,,
125.5,0.043661156,0.000579216,,,,
126.25,0.044053881,0.000523633,,,,
127.25,0.04460334,0.00054946,,,,
128.25,0.045154182,0.000550842,,,,
128.75,0.045395126,0.000481888,,,,
129.25,0.045649837,0.000509422,,,,
129.5,0.045752733,0.000411583,,,,
130,0.045973598,0.00044173,,,,
130.25,0.046070843,0.000388981,,,,
130.5,0.046186411,0.000462273,,,,
130.75,0.046299596,0.00045274,,,,
131,0.046391564,0.000367871,,,,
131.25,0.046501186,0.000438487,,,,
131.75,0.046696873,0.000391374,,,,
132,0.046762349,0.000261902,,,,
133,0.047088281,0.000325932,,,,
133.5,0.047242905,0.000309248,,,,
134.25,0.047440023,0.000262823,,,,
135,0.04767935,0.000319103,,,,
136.5,0.048109946,0.000287064,,,,
137.25,0.04835877,0.000331766,,,,
138.25,0.048661989,0.000303219,,,,
139.5,0.049040426,0.00030275,,,,
141,0.049393676,0.0002355,,,,
142.25,0.049702916,0.000247392,,,,
143.5,0.049992254,0.00023147,,,,
144.75,0.050286096,0.000235074,,,,
146.5,0.050558447,0.000155629,,,,
147.75,0.050793141,0.000187756,,,,
149,0.050973397,0.000144204,,,,
150.5,0.051109515,9.07E-05,,,,
151.75,0.051195539,6.88E-05,,,,
152.75,0.051268786,7.32E-05,,,,
153.5,0.051289106,2.71E-05,,,,
155.25,0.051308269,1.10E-05,,,,
156,0.051310814,3.39E-06,,,,
156.75,0.051311408,7.92E-07,,,,
157.5,0.051311408,-1.05E-15,,,,
158.5,0.051311408,6.31E-16,,,,
159.25,0.051311408,-4.16E-16,,,,
159.75,0.051311408,-3.19E-16,,,,
160.25,0.051311408,1.26E-15,,,,
161,0.051311408,-8.42E-16,,,,
161.5,0.051311408,2.53E-15,,,,
161.75,0.051311408,-3.16E-15,,,,
162.25,0.051311408,-3.19E-16,,,,
162.5,0.051311408,1.28E-15,,,,
162.75,0.051311408,-2.53E-15,,,,
163,0.051311408,3.77E-15,,,,
163.5,0.051311408,-3.05E-16,,,,
163.75,0.051311408,-2.53E-15,,,,
164.25,0.051311408,-3.19E-16,,,,
164.5,0.051311408,2.53E-15,,,,
164.75,0.051311408,-2.53E-15,,,,
165.25,0.051311408,-3.19E-16,,,,
165.5,0.051311408,2.53E-15,,,,
165.75,0.051311408,-2.53E-15,,,,
166,0.051311408,2.53E-15,,,,
166.5,0.051311408,-1.26E-15,,,,
167,0.051311408,-3.05E-16,,,,
167.5,0.051311408,6.25E-16,,,,
168,0.051311408,9.44E-16,,,,
168.5,0.051311408,9.44E-16,,,,
169,0.051311408,-3.05E-16,,,,
169.5,0.051311408,-1.58E-15,,,,
170,0.051311408,6.25E-16,,,,
171,0.051311408,-1.53E-16,,,,
171.5,0.051311408,9.44E-16,,,,
172,0.051311408,3.19E-16,,,,
172.75,0.051311408,-2.13E-16,,,,
174,0.051311408,2.50E-16,,,,
174.75,0.051311408,-1.67E-15,,,,
175.25,0.051311408,1.57E-15,,,,
176.25,0.051311408,-1.60E-16,,,,
177.5,0.051311408,-5.00E-16,,,,
178.25,0.051311408,0.00E+00,,,,
179,0.051311408,1.05E-15,,,,
180.25,0.051311408,0.00E+00,,,,
181.25,0.051311408,9.44E-16,,,,
182,0.051311408,-2.30E-15,,,,
183,0.051311408,3.12E-16,,,,
184,0.051311408,-1.60E-16,,,,
185,0.051311408,7.91E-16,,,,
186,0.051311408,6.31E-16,,,,
186.5,0.051311408,-2.53E-15,,,,
187.75,0.051311408,7.55E-16,,,,
188.5,0.051311408,-2.04E-16,,,,
189.25,0.051311408,-6.38E-16,,,,
190.25,0.051311408,-7.84E-16,,,,
191,0.051311408,2.13E-16,,,,
191.75,0.051311408,6.29E-16,,,,
192.25,0.051311408,6.25E-16,,,,
193.25,0.051311408,0.00E+00,,,,
194,0.051311408,4.26E-16,,,,
194.5,0.051311408,-9.58E-16,,,,
195,0.051311408,9.58E-16,,,,
196,0.051311408,-7.91E-16,,,,
196.5,0.051311408,-3.19E-16,,,,
197,0.051311408,3.19E-16,,,,
197.5,0.051311408,9.44E-16,,,,
198.25,0.051311408,4.26E-16,,,,
198.75,0.051311408,-2.53E-15,,,,
199.25,0.051311408,3.15E-15,,,,
200,0.051311408,-8.42E-16,,,,
200.5,0.051311408,-6.25E-16,,,,
201.25,0.051311408,2.04E-16,,,,
201.75,0.051311408,-3.05E-16,,,,
202.5,0.051311408,2.04E-16,,,,
203,0.051311408,0.00E+00,,,,
203.5,0.051311408,3.19E-16,,,,
204.25,0.051311408,4.26E-16,,,,
205.25,0.051311408,0.00E+00,,,,
205.5,0.051311408,6.11E-16,,,,
206.25,0.051311408,-8.42E-16,,,,
207.25,0.051311408,0.00E+00,,,,
207.75,0.051311408,-1.25E-15,,,,
208.25,0.051311408,1.57E-15,,,,
209,0.051311408,-4.16E-16,,,,
210,0.051311408,-1.60E-16,,,,
210.75,0.051311408,6.29E-16,,,,
211.5,0.051311408,0.00E+00,,,,
212,0.051311408,0.00E+00,,,,
213,0.051311408,-3.12E-16,,,,
213.75,0.051311408,-6.29E-16,,,,
214.5,0.051311408,1.26E-15,,,,
215.5,0.051311408,-1.60E-16,,,,
216.25,0.051311408,-4.16E-16,,,,
217,0.051311408,6.29E-16,,,,
217.75,0.051311408,-6.29E-16,,,,
218.75,0.051311536,1.28E-07,,,,
219.5,0.051312017,6.42E-07,,,,
220.25,0.051314063,2.73E-06,,,,
220.75,0.051316751,5.38E-06,,,,
222,0.051333833,1.37E-05,,,,
222.75,0.051349219,2.05E-05,,,,
223.5,0.05136985,2.75E-05,,,,
224,0.051393889,4.81E-05,,,,
225,0.051446339,5.25E-05,,,,
226,0.051546508,1.00E-04,,,,
226.75,0.051636246,1.20E-04,,,,
227.5,0.051711162,9.99E-05,,,,
228.25,0.051793334,0.000109562,,,,
229,0.05190792,0.000152782,,,,
229.75,0.052028442,0.000160696,,,,
230.5,0.052153658,0.000166955,,,,
231.25,0.052282582,0.000171899,,,,
232,0.052414429,0.000175795,,,,
232.75,0.052531193,0.000155686,,,,
233.75,0.052701302,0.000170109,,,,
234.25,0.052782786,0.000162969,,,,
234.75,0.052882644,0.000199715,,,,
235.75,0.053073432,0.000190788,,,,
236.5,0.053247026,0.000231458,,,,
237,0.053356104,0.000218157,,,,
237.75,0.053548681,0.000256768,,,,
238.5,0.053743412,0.000259643,,,,
239.5,0.054052294,0.000308881,,,,
240,0.054227439,0.00035029,,,,
241,0.054719738,0.0004923,,,,
241.75,0.055244331,0.000699457,,,,
242.25,0.055720815,0.000952966,,,,
243,0.056921228,0.001600551,,,,
243.75,0.058414569,0.001991121,,,,
244.5,0.060466103,0.002735379,,,,
245.25,0.063770296,0.004405591,,,,
246,0.067314224,0.004725238,,,,
246.75,0.070749578,0.004580471,,,,
247.5,0.076440834,0.007588342,,,,
248.25,0.082715722,0.008366518,,,,
249.25,0.091226549,0.008510827,,,,
250,0.096239364,0.006683753,,,,
250.75,0.102096901,0.007810049,,,,
251.5,0.107850924,0.007672031,,,,
252.5,0.115898556,0.008047632,,,,
253,0.118862992,0.005928873,,,,
253.75,0.124083126,0.006960178,,,,
254.5,0.129114103,0.006707969,,,,
255.5,0.135550597,0.006436494,,,,
256.25,0.140197276,0.006195571,,,,
257,0.144711979,0.006019605,,,,
258,0.150922377,0.006210398,,,,
258.75,0.156198379,0.00703467,,,,
259.5,0.161290763,0.006789845,,,,
260.25,0.166237383,0.006595493,,,,
261.25,0.172659678,0.006422294,,,,
262,0.177378412,0.006291646,,,,
262.5,0.180488393,0.006219962,,,,
263.75,0.188169509,0.006144892,,,,
264.25,0.191213268,0.006087519,,,,
265,0.195756349,0.006057441,,,,
265.75,0.200278313,0.006029285,,,,
267,0.20778194,0.006002902,,,,
267.75,0.21227061,0.005984894,,,,
268.5,0.216752696,0.005976114,,,,
269.5,0.222722278,0.005969582,,,,
270.25,0.227196727,0.005965933,,,,
271,0.231670275,0.005964731,,,,
271.5,0.234285244,0.005229939,,,,
272.75,0.24133508,0.005639869,,,,
273.5,0.2454322,0.005462826,,,,
274.25,0.249905797,0.005964797,,,,
275,0.253989179,0.005444508,,,,
276,0.259793058,0.005803879,,,,
276.5,0.262725642,0.005865169,,,,
277.25,0.267256724,0.006041442,,,,
278.5,0.274665284,0.005926848,,,,
279,0.277703145,0.006075722,,,,
279.75,0.282298939,0.006127725,,,,
280.5,0.286939834,0.00618786,,,,
281.5,0.293251403,0.006311569,,,,
282.25,0.29797358,0.006296236,,,,
283,0.302723215,0.006332846,,,,
284,0.309102007,0.006378792,,,,
284.75,0.313867943,0.006354581,,,,
285.5,0.318631528,0.006351447,,,,
286.25,0.323385032,0.006338006,,,,
287.25,0.329697476,0.006312443,,,,
287.75,0.332840246,0.00628554,,,,
288.75,0.338941594,0.006101348,,,,
289.75,0.345221199,0.006279605,,,,
290.25,0.348309222,0.006176047,,,,
291,0.352824713,0.006020654,,,,
291.75,0.357414854,0.006120188,,,,
292.75,0.363398342,0.005983489,,,,
293.5,0.368045288,0.006195928,,,,
294.25,0.372456563,0.0058817,,,,
295.25,0.378546722,0.006090159,,,,
295.75,0.381520191,0.005946937,,,,
296.5,0.385852043,0.005775804,,,,
297.25,0.390259072,0.005876039,,,,
298.25,0.395985775,0.005726703,,,,
299,0.400321119,0.005780459,,,,
299.75,0.404624781,0.005738215,,,,
300.75,0.410212688,0.005587907,,,,
301.5,0.414443672,0.005641312,,,,
302.25,0.418644885,0.005601618,,,,
303,0.422817515,0.005563507,,,,
304,0.428338242,0.005520727,,,,
304.75,0.432447678,0.005479247,,,,
305.5,0.436531244,0.005444754,,,,
306.5,0.441937409,0.005406165,,,,
307.25,0.446207825,0.005693888,,,,
308,0.450218167,0.005347123,,,,
308.75,0.454078078,0.005146547,,,,
310,0.461082666,0.005603671,,,,
310.75,0.465454478,0.005829083,,,,
311.5,0.469842731,0.005851003,,,,
312.75,0.476717402,0.005499737,,,,
313.5,0.481148603,0.005908268,,,,
314.25,0.485616731,0.005957505,,,,
314.75,0.488620789,0.006008115,,,,
316,0.496246896,0.006100886,,,,
316.75,0.500488603,0.00565561,,,,
317.5,0.504546691,0.005410783,,,,
318.5,0.510499542,0.005952851,,,,
319.25,0.51467234,0.00556373,,,,
320,0.519466922,0.006392776,,,,
320.75,0.523494579,0.00537021,,,,
321.75,0.530380037,0.006885458,,,,
322.5,0.535711913,0.007109168,,,,
323.25,0.540045902,0.005778651,,,,
324.5,0.549063807,0.007214325,,,,
325.25,0.553612484,0.006064903,,,,
326,0.558713503,0.006801358,,,,
326.5,0.561036474,0.004645942,,,,
327.75,0.570730987,0.007755611,,,,
328.5,0.575794118,0.006750841,,,,
329,0.579088309,0.006588381,,,,
330.25,0.58686599,0.006222145,,,,
331,0.591109963,0.005658631,,,,
331.5,0.593728395,0.005236863,,,,
332.5,0.598421236,0.004692842,,,,
333.5,0.602090216,0.00366898,,,,
334.25,0.604703263,0.003484062,,,,
334.75,0.606261904,0.003117283,,,,
336,0.609729463,0.002774047,,,,
336.75,0.611384085,0.002206162,,,,
337.5,0.61299594,0.00214914,,,,
338.25,0.614511051,0.002020148,,,,
339.25,0.61643304,0.001921989,,,,
340.25,0.618278947,0.001845907,,,,
341,0.61964003,0.001814777,,,,
342,0.621433995,0.001793965,,,,
342.75,0.622762685,0.001771586,,,,
343.5,0.62407414,0.001748607,,,,
344.25,0.625369696,0.001727409,,,,
345.25,0.627098383,0.001728686,,,,
346,0.628393048,0.001726221,,,,
347,0.630116792,0.001723743,,,,
348,0.63183765,0.001720859,,,,
348.75,0.63312635,0.001718267,,,,
349.25,0.633984534,0.001716367,,,,
350.5,0.636126526,0.001713593,,,,
351.25,0.637409187,0.001710215,,,,
352,0.638689801,0.001707485,,,,
352.75,0.639968228,0.00170457,,,,
354,0.642093607,0.001700303,,,,
354.5,0.642941662,0.00169611,,,,
355.5,0.64463331,0.001691648,,,,
356.5,0.646316887,0.001683577,,,,
357.25,0.647571704,0.00167309,,,,
358,0.648777837,0.001608177,,,,
358.75,0.649892001,0.001485552,,,,
360,0.651638426,0.00139714,,,,
360.5,0.652357832,0.001438812,,,,
361.25,0.653501395,0.001524751,,,,
362.25,0.654870261,0.001368866,,,,
363.25,0.656227074,0.001356813,,,,
363.75,0.656981801,0.001509454,,,,
364.5,0.658008156,0.001368473,,,,
365.75,0.659681014,0.001338287,,,,
366.25,0.660358613,0.001355197,,,,
367,0.661372424,0.001351748,,,,
368.25,0.663042187,0.001335811,,,,
368.75,0.663689462,0.00129455,,,,
369.75,0.66502088,0.001331418,,,,
370.5,0.66600851,0.00131684,,,,
371.5,0.667373225,0.001364715,,,,
372.25,0.668392821,0.00135946,,,,
373.25,0.669725753,0.001332932,,,,
374,0.67073269,0.001342582,,,,
375.25,0.672391723,0.001327227,,,,
376.5,0.674067665,0.001340753,,,,
377.25,0.675071872,0.001338943,,,,
377.75,0.675739999,0.001336253,,,,
380,0.678751496,0.001338443,,,,
380.5,0.679413894,0.001324795,,,,
381.25,0.680420038,0.001341526,,,,
382.25,0.681768801,0.001348762,,,,
383,0.682845994,0.001436258,,,,
383.75,0.683884675,0.001384908,,,,
384.5,0.684932863,0.001397584,,,,
385.75,0.686671763,0.00139112,,,,
386.75,0.688178098,0.001506336,,,,
389.75,0.69272155,0.001514484,,,,
390,0.693102297,0.001522988,,,,
391.25,0.695021856,0.001535647,,,,
392,0.696109406,0.001450067,,,,
393.25,0.698135919,0.00162121,,,,
394,0.699312034,0.001568153,,,,
394.75,0.700463384,0.001535133,,,,
395.25,0.701275969,0.00162517,,,,
396.5,0.703239947,0.001571183,,,,
397.25,0.704416731,0.001569045,,,,
397.75,0.705200215,0.001566968,,,,
399,0.70715436,0.001563316,,,,
399.5,0.707933904,0.001559089,,,,
400.75,0.709877051,0.001554518,,,,
401.25,0.71065194,0.001549778,,,,
404.5,0.7156375,0.001534018,,,,
406.5,0.718706012,0.001534256,,,,
407.25,0.719818221,0.001482946,,,,
407.5,0.720196284,0.001512251,,,,
409.5,0.723177171,0.001490443,,,,
413,0.728401229,0.001492588,,,,
414,0.729924323,0.001523094,,,,
414.75,0.731003041,0.001438291,,,,
415.5,0.732115909,0.001483825,,,,
416.75,0.733967952,0.001481634,,,,
417.25,0.734644516,0.001353128,,,,
418,0.73578724,0.001523633,,,,
419,0.737297037,0.001509797,,,,
421.5,0.740973844,0.001470723,,,,
422.25,0.74214544,0.001562127,,,,
423,0.743195677,0.001400316,,,,
423.25,0.743582131,0.001545816,,,,
425,0.746147816,0.001466106,,,,
426.25,0.747934862,0.001429637,,,,
427.25,0.749416249,0.001481387,,,,
428.5,0.751285431,0.001495346,,,,
429.25,0.752365037,0.001439475,,,,
430,0.753447535,0.001443329,,,,
431,0.754885768,0.001438233,,,,
431.75,0.755954237,0.001424625,,,,
432.5,0.757018975,0.001419651,,,,
433.75,0.758782274,0.001410639,,,,
434.5,0.759843523,0.001414999,,,,
435.25,0.760885038,0.001388687,,,,
436.25,0.762281981,0.001396942,,,,
437.25,0.763710969,0.001428989,,,,
438,0.764724619,0.001351533,,,,
438.75,0.765792921,0.001424402,,,,
439.75,0.767172705,0.001379784,,,,
440.75,0.768620725,0.00144802,,,,
441.25,0.769279667,0.001317883,,,,
442.5,0.770947057,0.001333913,,,,
443.5,0.772365656,0.001418598,,,,
444,0.773031013,0.001330715,,,,
445,0.774484437,0.001453424,,,,
446,0.775920294,0.001435857,,,,
446.5,0.776606125,0.001371662,,,,
447.25,0.777708399,0.001469699,,,,
448.5,0.779473372,0.001411978,,,,
449.25,0.780583343,0.001479962,,,,
450,0.781693635,0.001480389,,,,
451.25,0.783562135,0.001494799,,,,
452,0.784682241,0.001493475,,,,
452.75,0.785811268,0.001505369,,,,
453.75,0.787301707,0.001490439,,,,
454.5,0.788422776,0.00149476,,,,
454.75,0.788809087,0.001545242,,,,
456,0.790709178,0.001520073,,,,
457.25,0.792614565,0.00152431,,,,
458,0.793676657,0.001416123,,,,
458.25,0.794069852,0.001572779,,,,
459.5,0.795893294,0.001458754,,,,
460.75,0.797685325,0.001433625,,,,
462.25,0.799827271,0.001427964,,,,
463,0.800942925,0.001487538,,,,
463.75,0.801876136,0.001244282,,,,
464.75,0.80325414,0.001378004,,,,
465.5,0.804236752,0.001310149,,,,
466.75,0.805793953,0.001245761,,,,
467.5,0.806738878,0.001259899,,,,
467.75,0.807050929,0.001248206,,,,
469.25,0.808936643,0.001257142,,,,
471,0.811015197,0.001187745,,,,
471.5,0.811632459,0.001234525,,,,
472.5,0.812745751,0.001113292,,,,
473.5,0.813878442,0.00113269,,,,
474.25,0.814740671,0.001149638,,,,
475,0.815538189,0.001063357,,,,
476.25,0.816929899,0.001113368,,,,
476.75,0.817499223,0.001138648,,,,
477.75,0.81859676,0.001097537,,,,
478.75,0.819703365,0.001106605,,,,
479.5,0.820530055,0.001102253,,,,
480.25,0.821379513,0.001132611,,,,
481.5,0.82278041,0.001120717,,,,
482.25,0.823623645,0.001124314,,,,
482.75,0.824186687,0.001126085,,,,
483.75,0.825301755,0.001115068,,,,
484.75,0.826429279,0.001127523,,,,
485.5,0.827262681,0.001111203,,,,
486.25,0.828118506,0.0011411,,,,
487.25,0.829230016,0.001111509,,,,
488.25,0.830343945,0.001113929,,,,
489,0.831170871,0.001102569,,,,
490,0.832229874,0.001059002,,,,
490.75,0.833036138,0.001075019,,,,
491.5,0.833851695,0.00108741,,,,
492.25,0.834635838,0.001045523,,,,
493.5,0.83592968,0.001035074,,,,
494.25,0.8367003,0.001027493,,,,
494.75,0.83720072,0.001000839,,,,
496,0.838478858,0.00102251,,,,
496.75,0.839222281,0.000991231,,,,
497.5,0.839983333,0.001014736,,,,
498.75,0.841264599,0.001025013,,,,
499.5,0.842044459,0.001039814,,,,
500.25,0.842841748,0.001063051,,,,
501.25,0.843902985,0.001061237,,,,
502,0.844709746,0.001075682,,,,
502.75,0.845549591,0.001119793,,,,
503.75,0.846645489,0.001095898,,,,
504.5,0.84749492,0.001132574,,,,
505.25,0.848336711,0.001122389,,,,
506,0.849181402,0.001126255,,,,
507.25,0.850609953,0.001142841,,,,
508,0.851478871,0.001158557,,,,
508.75,0.852338168,0.001145729,,,,
510,0.853801386,0.001170574,,,,
510.5,0.854400498,0.001198224,,,,
511.25,0.855272262,0.001162352,,,,
512.5,0.856720539,0.001158622,,,,
513,0.857330184,0.00121929,,,,
514,0.858468466,0.001138282,,,,
515.25,0.859833821,0.001092284,,,,
516,0.860685216,0.001135194,,,,
516.5,0.861284764,0.001199096,,,,
517.75,0.862514714,0.00098396,,,,
518.5,0.863311271,0.001062076,,,,
519.25,0.8640873,0.001034704,,,,
520,0.864776804,0.00091934,,,,
521,0.865707585,0.000930781,,,,
521.75,0.866353078,0.000860657,,,,
522.5,0.867010758,0.000876906,,,,
523.5,0.867886678,0.00087592,,,,
526,0.869885426,0.000799499,,,,
527.75,0.871250627,0.000780115,,,,
528,0.871456992,0.000825458,,,,
529.25,0.872409376,0.000761907,,,,
530,0.872981122,0.000762328,,,,
531,0.873765874,0.000784752,,,,
531.75,0.874351856,0.000781309,,,,
532.5,0.874947473,0.000794157,,,,
533.25,0.875546565,0.00079879,,,,
534,0.876143169,0.000795471,,,,
535,0.876938734,0.000795565,,,,
535.75,0.877548554,0.000813093,,,,
536.25,0.877941775,0.000786443,,,,
537.75,0.879162221,0.000813631,,,,
538.25,0.87958557,0.000846697,,,,
540.5,0.881495306,0.000848771,,,,
542.5,0.882814298,0.000659496,,,,
544.5,0.884134057,0.00065988,,,,
544.75,0.884288393,0.000617344,,,,
547.25,0.885730055,0.000576665,,,,
549.75,0.88689627,0.000466486,,,,
550.75,0.887388908,0.000492639,,,,
552.25,0.887927385,0.000358985,,,,
553,0.888179293,0.000335877,,,,
553.75,0.888462507,0.000377619,,,,
554.75,0.888803118,0.000340612,,,,
555.75,0.889161465,0.000358346,,,,
556.75,0.889521368,0.000359903,,,,
557.5,0.889808825,0.000383277,,,,
558.25,0.890084394,0.000367425,,,,
559.5,0.890572494,0.00039048,,,,
560,0.890781028,0.000417068,,,,
561,0.891200183,0.000419154,,,,
562,0.891621974,0.000421791,,,,
562.75,0.891950248,4.38E-04,,,,
563.5,0.892271833,4.29E-04,,,,
564.5,0.892715458,4.44E-04,,,,
565.25,0.893052645,4.50E-04,,,,
566,0.893393104,0.000453946,,,,
566.75,0.893736431,0.000457769,,,,
567.25,0.893971108,0.000469353,,,,
568,0.894315265,0.000458877,,,,
569.75,0.895140842,0.000471758,,,,
570.25,0.895378607,0.00047553,,,,
571.25,0.895858137,0.00047953,,,,
572.5,0.896451887,0.000475001,,,,
577.75,0.898828481,0.000452685,,,,
578.75,0.899323207,0.000494725,,,,
579.25,0.899633745,0.000621076,,,,
579.75,0.899950544,0.000633598,,,,
580.5,0.900249667,0.000398832,,,,
582.5,0.901369384,5.60E-04,,,,
583.75,0.901920164,0.000440624,,,,
584,0.902098171,7.12E-04,,,,
584.25,0.902209029,4.43E-04,,,,
587,0.903851343,5.97E-04,,,,
588.75,0.904915564,6.08E-04,,,,
589.5,0.905372258,6.09E-04,,,,
590.25,0.905836393,6.19E-04,,,,
591,0.90630143,6.20E-04,,,,
592.25,0.907062451,6.09E-04,,,,
593,0.907562287,6.66E-04,,,,
593.5,0.90785255,5.81E-04,,,,
594.75,0.908622486,6.16E-04,,,,
595.25,0.908899469,5.54E-04,,,,
596.25,0.909531875,6.32E-04,,,,
596.75,0.909796409,5.29E-04,,,,
598,0.910555017,6.07E-04,,,,
598.75,0.910974396,5.59E-04,,,,
600,0.911599701,5.00E-04,,,,
600.5,0.911890724,5.82E-04,,,,
601.25,0.912212158,4.29E-04,,,,
602.25,0.912623422,4.11E-04,,,,
603,0.913018763,5.27E-04,,,,
603.75,0.913317484,3.98E-04,,,,
605,0.913781854,0.000371496,,,,
605.75,0.913967213,0.000247145,,,,
606.25,0.914213174,0.000491923,,,,
607.5,0.914429536,0.00017309,,,,
608.25,0.914560089,0.00017407,,,,
608.75,0.91464911,0.000178043,,,,
610,0.915070035,0.00033674,,,,
610.75,0.915401247,0.000441616,,,,
611.5,0.91572961,0.000437818,,,,
612.5,0.916047394,0.000317784,,,,
613.25,0.916249139,0.000268994,,,,
614,0.916409093,0.000213271,,,,
615,0.916657841,2.49E-04,,,,
615.75,0.916753232,1.27E-04,,,,
616.5,0.917006358,3.38E-04,,,,
617.5,0.917242665,2.36E-04,,,,
618.25,0.917394646,2.03E-04,,,,
619,0.917523153,1.71E-04,,,,
620,0.917715454,1.92E-04,,,,
620.75,0.917880809,2.20E-04,,,,
621.5,0.918021187,1.87E-04,,,,
622.25,0.918192376,0.000228252,,,,
623.25,0.918346637,0.000154262,,,,
624,0.918483864,0.000182968,,,,
624.75,0.918621541,0.00018357,,,,
625.75,0.918834711,0.00021317,,,,
626.5,0.918951207,0.000155328,,,,
627.25,0.919097526,0.000195091,,,,
628.5,0.919408243,0.000248574,,,,
629.25,0.919507737,1.33E-04,,,,
630,0.919698121,0.000253844,,,,
631,0.919920783,0.000222662,,,,
631.75,0.920117576,0.000262391,,,,
632.5,0.920294075,0.000235331,,,,
633.5,0.920538652,0.000244577,,,,
634.25,0.920771971,0.000311092,,,,
634.75,0.920882243,2.21E-04,,,,
636,0.921246359,0.000291292,,,,
636.75,0.921463461,0.00028947,,,,
637.5,0.9216706,0.000276186,,,,
638.5,0.921999956,0.000329356,,,,
639.25,0.922241289,0.000321777,,,,
640,0.92246062,0.000292442,,,,
641,0.922812375,0.000351755,,,,
641.75,0.923080167,0.000357055,,,,
642.5,0.923318392,0.000317633,,,,
643.5,0.92367706,0.000358668,,,,
644.25,0.923925815,0.000331674,,,,
645,0.924193763,0.000357264,,,,
646,0.924566615,0.000372852,,,,
646.75,0.924839675,0.00036408,,,,
647.5,0.925112073,0.000363197,,,,
648.5,0.925496457,0.000384384,,,,
649.25,0.925789016,0.000390078,,,,
650,0.926086352,3.96E-04,,,,
651,0.926496692,4.10E-04,,,,
651.75,0.926808689,4.16E-04,,,,
652.5,0.927129255,4.27E-04,,,,
653.5,0.927549314,4.20E-04,,,,
654.25,0.927869461,4.27E-04,,,,
654.75,0.928108408,4.78E-04,,,,
655.75,0.928523192,4.15E-04,,,,
656.75,0.928925252,4.02E-04,,,,
657.5,0.929232012,4.09E-04,,,,
658.5,0.929630474,3.98E-04,,,,
659.25,0.929940929,4.14E-04,,,,
660,0.930202435,3.49E-04,,,,
661,0.930563423,3.61E-04,,,,
661.75,0.930841002,3.70E-04,,,,
662.25,0.931007794,3.34E-04,,,,
663.5,0.931404204,3.17E-04,,,,
664.25,0.931627806,2.98E-04,,,,
665,0.931840922,2.84E-04,,,,
666,0.932108737,2.68E-04,,,,
667.5,0.932475724,2.45E-04,,,,
668.5,0.932698766,2.23E-04,,,,
669.25,0.932855522,2.09E-04,,,,
670,0.933003739,1.98E-04,,,,
671,0.933188584,1.85E-04,,,,
671.5,0.933291251,2.05E-04,,,,
672.25,0.933415922,1.66E-04,,,,
673.5,0.933590532,1.40E-04,,,,
674,0.933677406,1.74E-04,,,,
674.75,0.933775868,1.31E-04,,,,
675.75,0.933930365,1.54E-04,,,,
676.5,0.933991335,8.13E-05,,,,
677.25,0.934042007,6.76E-05,,,,
678.25,0.934124253,8.22E-05,,,,
679,0.934179054,7.31E-05,,,,
679.75,0.934229208,6.69E-05,,,,
680.75,0.934264556,3.53E-05,,,,
681.5,0.934255989,-1.14E-05,,,,
682.25,0.934247528,-1.13E-05,,,,
683.25,0.934316737,6.92E-05,,,,
683.75,0.93431556,-2.35E-06,,,,
684.5,0.934342327,3.57E-05,,,,
685.75,0.934389012,3.73E-05,,,,
686.5,0.934393907,6.53E-06,,,,
687,0.934377296,-3.32E-05,,,,
688.25,0.934370889,-5.13E-06,,,,
688.75,0.934355275,-3.12E-05,,,,
689.5,0.934314376,-5.45E-05,,,,
690.75,0.934234155,-6.42E-05,,,,
691.25,0.934206457,-5.54E-05,,,,
692,0.934166837,-5.28E-05,,,,
693,0.934098768,-6.81E-05,,,,
693.75,0.934043222,-7.41E-05,,,,
694.25,0.934006325,-7.38E-05,,,,
695.5,0.933900187,-8.49E-05,,,,
696.25,0.933834862,-8.71E-05,,,,
696.75,0.933791238,-8.72E-05,,,,
697.75,0.933700387,-9.09E-05,,,,
698.5,0.933633088,-8.97E-05,,,,
699.25,0.933565055,-9.07E-05,,,,
700,0.933497187,-9.05E-05,,,,
701.25,0.933409502,-7.01E-05,,,,
702,0.933350786,-7.83E-05,,,,
702.75,0.933281909,-9.18E-05,,,,
703.75,0.933224384,-5.75E-05,,,,
704.25,0.933200022,-4.87E-05,,,,
705,0.933130462,-9.27E-05,,,,
706,0.933093538,-3.69E-05,,,,
706.75,0.933095486,2.60E-06,,,,
707.5,0.933081513,-1.86E-05,,,,
708.5,0.933048568,-3.29E-05,,,,
709.25,0.933065934,2.32E-05,,,,
710,0.93306535,-7.79E-07,,,,
711,0.933068424,3.07E-06,,,,
711.75,0.933071901,4.64E-06,,,,
712.25,0.933060061,-2.37E-05,,,,
713.5,0.933074372,1.14E-05,,,,
714,0.933063343,-2.21E-05,,,,
715.75,0.933033338,-1.71E-05,,,,
716.5,0.933024002,-1.24E-05,,,,
717.25,0.933000161,-3.18E-05,,,,
718.25,0.93296069,-3.95E-05,,,,
719,0.932923687,-4.93E-05,,,,
719.75,0.932885604,-5.08E-05,,,,
720.75,0.932839847,-4.58E-05,,,,
721.25,0.932823374,-3.29E-05,,,,
722.25,0.932751107,-7.23E-05,,,,
723.25,0.932711287,-3.98E-05,,,,
723.75,0.932654534,-1.14E-04,,,,
724.5,0.932594395,-8.02E-05,,,,
725.5,0.932514553,-7.98E-05,,,,
727.25,0.932380445,-7.66E-05,,,,
728,0.932348954,-4.20E-05,,,,
728.75,0.932274411,-9.94E-05,,,,
729.75,0.93221728,-5.71E-05,,,,
730.25,0.932177488,-7.96E-05,,,,
731,0.932100424,-0.000102752,,,,
732,0.932031215,-6.92E-05,,,,
732.75,0.931965639,-8.74E-05,,,,
733.5,0.931866539,-1.32E-04,,,,
734.5,0.931783074,-8.35E-05,,,,
735.25,0.931720601,-8.33E-05,,,,
735.75,0.931686579,-6.80E-05,,,,
736.75,0.931593635,-9.29E-05,,,,
737.75,0.931509905,-8.37E-05,,,,
738.25,0.93146678,-8.62E-05,,,,
739.25,0.931359979,-1.07E-04,,,,
739.75,0.931308251,-1.03E-04,,,,
740.5,0.931222856,-1.14E-04,,,,
741.5,0.931105549,-1.17E-04,,,,
742.25,0.931016416,-1.19E-04,,,,
743,0.930927455,-1.19E-04,,,,
744,0.930812347,-1.15E-04,,,,
744.75,0.930724962,-1.17E-04,,,,
745.25,0.930669575,-1.11E-04,,,,
746.25,0.930562784,-1.07E-04,,,,
747,0.930486367,-1.02E-04,,,,
747.75,0.930412887,-9.80E-05,,,,
748.75,0.930301721,-1.11E-04,,,,
749.5,0.930237815,-8.52E-05,,,,
750.25,0.930173466,-8.58E-05,,,,
751.5,0.930021657,-1.21E-04,,,,
753,0.929787737,-1.56E-04,,,,
753.75,0.929689507,-1.31E-04,,,,
754.25,0.929621364,-1.36E-04,,,,
755.5,0.92944277,-1.43E-04,,,,
756,0.929368514,-1.49E-04,,,,
756.75,0.929268693,-1.33E-04,,,,
757.75,0.929116443,-1.52E-04,,,,
758.5,0.929003974,-1.50E-04,,,,
759.25,0.928894555,-1.46E-04,,,,
760.25,0.928772604,-1.22E-04,,,,
760.75,0.928708556,-1.28E-04,,,,
761.5,0.928566251,-1.90E-04,,,,
762.75,0.928458588,-8.61E-05,,,,
763.5,0.928402815,-7.44E-05,,,,
764,0.928357764,-9.01E-05,,,,
765,0.928336693,-2.11E-05,,,,
765.5,0.92832682,-1.97E-05,,,,
766.25,0.928309824,-2.27E-05,,,,
767.25,0.928351214,4.14E-05,,,,
768,0.928362214,1.47E-05,,,,
768.75,0.928378694,2.20E-05,,,,
769.75,0.928406244,2.75E-05,,,,
770.5,0.928428808,3.01E-05,,,,
771.25,0.928450888,2.94E-05,,,,
772,0.928473327,2.99E-05,,,,
773,0.928503738,3.04E-05,,,,
773.5,0.928513883,2.03E-05,,,,
774.25,0.928536422,3.01E-05,,,,
775.25,0.928553673,1.73E-05,,,,
776,0.928561475,1.04E-05,,,,
776.75,0.928579065,2.35E-05,,,,
777.5,0.92858812,1.21E-05,,,,
778.5,0.92859599,7.87E-06,,,,
779,0.928602366,1.28E-05,,,,
779.75,0.92860347,1.47E-06,,,,
780.75,0.928604038,5.68E-07,,,,
781.5,0.928607709,4.89E-06,,,,
782,0.928608935,2.45E-06,,,,
783.25,0.928624344,1.23E-05,,,,
784,0.928634834,1.40E-05,,,,
784.5,0.928635737,1.81E-06,,,,
785.75,0.928645651,7.93E-06,,,,
786.5,0.928664475,2.51E-05,,,,
787.5,0.928661426,-3.05E-06,,,,
788.25,0.928672915,1.53E-05,,,,
789,0.928691419,2.47E-05,,,,
790.25,0.928706377,1.20E-05,,,,
790.75,0.928715538,1.83E-05,,,,
791.75,0.928729268,1.37E-05,,,,
792.75,0.928741834,1.26E-05,,,,
793.5,0.928772806,4.13E-05,,,,
794.25,0.928780079,9.70E-06,,,,
795.5,0.928788622,6.83E-06,,,,
796,0.9287797,-1.78E-05,,,,
796.75,0.928756974,-3.03E-05,,,,
797.75,0.928707941,-4.90E-05,,,,
798.5,0.928656885,-6.81E-05,,,,
799.25,0.928593736,-8.42E-05,,,,
800.25,0.9284902,-1.04E-04,,,,
800.75,0.928429726,-0.000120947,,,,
802.5,0.928107647,-0.000184045,,,,
803.5,0.928021134,-8.65E-05,,,,
804.25,0.927872296,-0.00019845,,,,
805,0.927712006,-0.00021372,,,,
805.75,0.927540487,-0.000228692,,,,
806.75,0.927255075,-0.000285411,,,,
807.25,0.927164132,-0.000181886,,,,
808,0.926960244,-0.00027185,,,,
809.25,0.926599413,-0.000288665,,,,
809.75,0.926448514,-0.000301799,,,,
810.5,0.926147935,-0.000400772,,,,
811.5,0.925864435,-0.0002835,,,,
812.25,0.925619371,-0.000326752,,,,
812.75,0.925427878,-0.000382986,,,,
813.75,0.925093339,-0.000334539,,,,
814.5,0.924869837,-0.000298003,,,,
815.5,0.924495835,-0.000374002,,,,
816.25,0.924252956,-0.000323838,,,,
816.75,0.924083646,-0.00033862,,,,
817.75,0.923748324,-0.000335322,,,,
818.5,0.923486252,-3.49E-04,,,,
819.25,0.923238675,-3.30E-04,,,,
820.25,0.922940335,-2.98E-04,,,,
820.5,0.922860427,-3.20E-04,,,,
821.5,0.922590635,-2.70E-04,,,,
822.25,0.922429376,-2.15E-04,,,,
823.25,0.92214446,-2.85E-04,,,,
823.75,0.922021959,-2.45E-04,,,,
824.75,0.921779476,-2.42E-04,,,,
825.5,0.92159817,-2.42E-04,,,,
826,0.921476878,-2.43E-04,,,,
827,0.921231736,-2.45E-04,,,,
827.75,0.921020251,-2.82E-04,,,,
828.75,0.920762042,-2.58E-04,,,,
829.5,0.920533406,-3.05E-04,,,,
830.25,0.920331269,-2.70E-04,,,,
831,0.920127963,-2.71E-04,,,,
831.75,0.919924583,-2.71E-04,,,,
832.5,0.919722232,-2.70E-04,,,,
833.5,0.919423034,-2.99E-04,,,,
834,0.919259916,-3.26E-04,,,,
835.75,0.918822578,-2.50E-04,,,,
836.5,0.91864685,-2.34E-04,,,,
837,0.918507625,-2.78E-04,,,,
837.5,0.918427056,-1.61E-04,,,,
838.75,0.918159168,-0.00021431,,,,
839.5,0.91805548,-1.38E-04,,,,
840,0.917942502,-0.000225957,,,,
841,0.917833249,-1.09E-04,,,,
841.75,0.917753638,-1.06E-04,,,,
842.25,0.917698415,-1.10E-04,,,,
844,0.91757784,-6.89E-05,,,,
844.75,0.917540369,-5.00E-05,,,,
845.5,0.917510358,-4.00E-05,,,,
846.25,0.917489863,-2.73E-05,,,,
847.25,0.917473916,-1.59E-05,,,,
848.5,0.917452299,-1.73E-05,,,,
849.25,0.917479045,3.57E-05,,,,
849.5,0.917492668,5.45E-05,,,,
851.25,0.917572878,4.58E-05,,,,
852.75,0.917685215,7.49E-05,,,,
855.5,0.917777692,3.36E-05,,,,
856.25,0.917801707,3.20E-05,,,,
857.25,0.917846671,4.50E-05,,,,
858,0.917871286,3.28E-05,,,,
859,0.917917896,4.66E-05,,,,
859.5,0.917912387,-1.10E-05,,,,
860,0.917948818,7.29E-05,,,,
861,0.91794957,7.52E-07,,,,
861.5,0.917962818,2.65E-05,,,,
862.25,0.917985165,2.98E-05,,,,
863,0.918012353,3.63E-05,,,,
863.75,0.917981741,-4.08E-05,,,,
864.5,0.91802632,5.94E-05,,,,
865.25,0.918082671,7.51E-05,,,,
866,0.918152138,9.26E-05,,,,
866.75,0.91823556,0.000111229,,,,
867.25,0.918271955,7.28E-05,,,,
868,0.918405663,0.000178276,,,,
869,0.918570712,0.000165049,,,,
869.5,0.918639976,0.000138528,,,,
870,0.918763106,0.00024626,,,,
871,0.918944093,0.000180988,,,,
871.75,0.919130817,0.000248964,,,,
872.25,0.919263112,0.00026459,,,,
873.25,0.919545206,0.000282094,,,,
873.75,0.919694598,0.000298785,,,,
874.5,0.9199639,0.000359069,,,,
875,0.9201476,0.000367401,,,,
875.75,0.920427892,0.000373722,,,,
876.5,0.920712433,0.000379388,,,,
877.25,0.921000187,0.000383672,,,,
877.75,0.921193545,0.000386717,,,,
878.75,0.921583706,0.000390161,,,,
879.25,0.921780508,0.000393606,,,,
879.75,0.921978436,0.000395855,,,,
880.25,0.922177408,0.000397944,,,,
879.75,0.921978436,0.000397944,,,,
879.25,0.921780508,0.000395855,,,,
879.75,0.921978436,0.000395855,,,,
880.5,0.922277248,0.000398416,,,,
881,0.922477555,0.000400614,,,,
882.75,0.923184083,0.00040373,,,,
883.5,0.923488966,0.000406511,,,,
884,0.923692755,0.000407577,,,,
885.25,0.924203562,0.000408646,,,,
885.75,0.924408237,0.000409349,,,,
886.5,0.924715477,0.000409653,,,,
887.5,0.925125441,0.000409965,,,,
888,0.925330535,0.000410188,,,,
888.75,0.925638337,0.000410403,,,,
889.5,0.925946416,0.000410771,,,,
890,0.926152014,0.000411197,,,,
890.75,0.926460785,0.000411694,,,,
891.5,0.926770041,0.000412341,,,,
892,0.926976512,0.000412942,,,,
892.75,0.927286694,0.000413577,,,,
893.25,0.927493821,0.000414254,,,,
894,0.927805044,0.000414963,,,,
895,0.928221004,0.000415961,,,,
895.5,0.928429403,0.000416797,,,,
897,0.92905614,0.000417825,,,,
897.25,0.929160802,0.000418645,,,,
898,0.929475107,0.000419074,,,,
898.5,0.929684916,0.000419618,,,,
899.25,0.930000071,0.000420206,,,,
899.75,0.930210469,0.000420798,,,,
900.75,0.93063196,0.00042149,,,,
